Jouy En Josas,Yvelines,Île-de-France
Montpellier,Hérault,Occitanie
Rennes,Ille-et-Vilaine,Bretagne
Namur,Étranger,Étranger
Paris,Paris,Île-de-France
Strasbourg,Bas-Rhin,Grand-Est
Sophia Antipolis,Alpes-Maritimes,Provence-Alpes-Côte d'Azur
Evry,Essonne,Île-de-France
Compiègne,Oise,Hauts-de-France
Marseille,Bouches-du-Rhône,Provence-Alpes-Côte d'Azur
Roscoff,Finistère,Bretagne
Vitry Sur Seine,Val-de-Marne,Île-de-France
Asnières Sur Seine,Hauts-de-Seine,Île-de-France
Cambridge,Étranger,Étranger
Berlin,Étranger,Étranger
Gif Sur Yvette,Essonne,Île-de-France
Chatenay Malabry,Hauts-de-Seine,Île-de-France
Genève,Étranger,Étranger
Grenoble,Isère,Auvergne-Rhône-Alpes
Saint Herblain,Loire-Atlantique,Pays de la Loire
Ploufragan,Côtes-d'Armor,Bretagne
Yokohama,Étranger,Étranger
Versailles,Yvelines,Île-de-France
Wageningen,Étranger,Étranger
Angers,Maine-et-Loire,Pays de la Loire
Clermont Ferrand,Puy-de-Dôme,Auvergne-Rhône-Alpes
Bremen,Étranger,Étranger
Toulouse,Haute-Garonne,Occitanie
Lyon,Rhône,Auvergne-Rhône-Alpes
Nice,Alpes-Maritimes,Provence-Alpes-Côte d'Azur
Limoges,Haute-Vienne,Nouvelle-Aquitaine
Nantes,Loire-Atlantique,Pays de la Loire
Montréal,Étranger,Étranger
94,Val-de-Marne,Île-de-France
Edinburgh,Étranger,Étranger
Mayence,Étranger,Étranger
Orsay,Essonne,Île-de-France
Bergen,Étranger,Étranger
Bordeaux,Gironde,Nouvelle-Aquitaine
Hinxton,Étranger,Étranger
Bruxelles,Étranger,Étranger
Montreal,Étranger,Étranger
Villeurbanne,Rhône,Auvergne-Rhône-Alpes
Labege,Haute-Garonne,Occitanie
Zurich,Étranger,Étranger
Dijon,Côte-d'Or,Bourgogne-Franche-Comté
New York,Étranger,Étranger
Singapore,Étranger,Étranger
Boulogne Billancourt,Hauts-de-Seine,Île-de-France
Campinas,Étranger,Étranger
Marcy L'Etoile,Rhône,Auvergne-Rhône-Alpes
Talence,Gironde,Nouvelle-Aquitaine
Maisons Alfort,Val-de-Marne,Île-de-France
Leicester,Étranger,Étranger
Goettingen,Étranger,Étranger
Lausanne,Étranger,Étranger
Québec,Étranger,Étranger
Oslo,Étranger,Étranger
Cali,Étranger,Étranger
Budapest,Étranger,Étranger
Münster Germany,Étranger,Étranger
Aachen,Étranger,Étranger
Orléans,Loiret,Centre-Val de Loire
Avignon,Vaucluse,Provence-Alpes-Côte d'Azur
Puteaux,Hauts-de-Seine,Île-de-France
Cork,Étranger,Étranger
Castanet Tolosan,Haute-Garonne,Occitanie
Nancy,Meurthe-et-Moselle,Grand-Est
Saclay,Essonne,Île-de-France
Cachan,Val-de-Marne,Île-de-France
Saint Beauzire,Puy-de-Dôme,Auvergne-Rhône-Alpes
Derry,Étranger,Étranger
Nouzilly,Indre-et-Loire,Centre-Val de Loire
Rouen,Seine-Maritime,Normandie
Reykjavík,Étranger,Étranger
Lille,Nord,Hauts-de-France
Jeddah,Étranger,Étranger
Villejuif,Val-de-Marne,Île-de-France
Glasgow,Étranger,Étranger
La Défense,Hauts-de-Seine,Île-de-France
Belval,Étranger,Étranger
Londres,Étranger,Étranger
Pessac,Gironde,Nouvelle-Aquitaine
Uppsala,Étranger,Étranger
Alnarp,Étranger,Étranger
Strasbourg Illkirch,Bas-Rhin,Grand-Est
Saint Sauveur,Nord,Hauts-de-France
Poitiers,Vienne,Nouvelle-Aquitaine
Villeneuve D'Ascq,Nord,Hauts-de-France
London,Étranger,Étranger
Plan Les Ouates,Étranger,Étranger
Lyngby,Étranger,Étranger
Cologne,Étranger,Étranger
Houston,Étranger,Étranger
Saint Martin D'Hères,Isère,Auvergne-Rhône-Alpes
Petit Bourg,Étranger,Étranger
Inchinnan Paisley,Étranger,Étranger
Belvaux,Jura,Bourgogne-Franche-Comté
Oxford,Étranger,Étranger
Loos,Nord,Hauts-de-France
Milan,Étranger,Étranger
Le Mans,Sarthe,Pays de la Loire
Ithaca,Étranger,Étranger
Santiago,Étranger,Étranger
Chilly Mazarin,Essonne,Île-de-France
Chappes,Puy-de-Dôme,Auvergne-Rhône-Alpes
Münster,Étranger,Étranger
Reims,Marne,Grand-Est
Stockholm,Étranger,Étranger
Banyuls Sur Mer,Pyrénées-Orientales,Occitanie
Delft,Étranger,Étranger
Poznan,Étranger,Étranger
Barcelona,Étranger,Étranger
Les Aubrais,Manche,Normandie
Labège,Haute-Garonne,Occitanie
Velizy Villacoublay,Yvelines,Île-de-France
Aubière,Puy-de-Dôme,Auvergne-Rhône-Alpes
Bielefeld,Étranger,Étranger
Manchester,Étranger,Étranger
Plouzané,Finistère,Bretagne
Vienna,Étranger,Étranger
Colmar,Haut-Rhin,Grand-Est
Karlsruhe,Étranger,Étranger
Villigen,Étranger,Étranger
Croissy Sur Seine,Yvelines,Île-de-France
Hinton,Étranger,Étranger
Villefranche Sur Mer,Alpes-Maritimes,Provence-Alpes-Côte d'Azur
Brest,Finistère,Bretagne
Basel,Étranger,Étranger
Cestas,Gironde,Nouvelle-Aquitaine
Bad Nauheim,Étranger,Étranger
Oxfordshire,Étranger,Étranger
Cea Saclay,Essonne,Île-de-France
Norwich,Étranger,Étranger
Kaiserslautern,Étranger,Étranger
Kaust,Étranger,Étranger
Marne La Vallée,Seine-et-Marne,Île-de-France
Giessen,Étranger,Étranger
Beauvais,Oise,Hauts-de-France
Atlanta,Étranger,Étranger
Heidelberg,Étranger,Étranger
Tassin La Demi Lune,Rhône,Auvergne-Rhône-Alpes
Antony,Hauts-de-Seine,Île-de-France
Palmerston North,Étranger,Étranger
Gand,Étranger,Étranger
92,Hauts-de-Seine,Île-de-France
Région De Lyon,Rhône,Auvergne-Rhône-Alpes
Toronto,Étranger,Étranger
Leiden,Étranger,Étranger
Issy Les Moulineaux,Hauts-de-Seine,Île-de-France
Villenave D'Ornon,Gironde,Nouvelle-Aquitaine
Leuven Belgium,Étranger,Étranger
Mont Saint Aignan,Seine-Maritime,Normandie
Oeiras,Étranger,Étranger
Vigo,Étranger,Étranger
Brisbane,Étranger,Étranger
Liege Belgique,Étranger,Étranger
Bagnols Sur Cèze,Gard,Occitanie
Braunschweig,Étranger,Étranger
Liège,Étranger,Étranger
Évry,Essonne,Île-de-France
Freiburg,Étranger,Étranger
Vandoeuvre Lès Nancy,Meurthe-et-Moselle,Grand-Est
Aix La Chapelle,Étranger,Étranger
Dunstaffnage,Étranger,Étranger
Illkirch Graffenstaden,Bas-Rhin,Grand-Est
Pau,Pyrénées-Atlantiques,Nouvelle-Aquitaine
Gent,Étranger,Étranger
Nouméa,Étranger,Étranger
Auzeville Tolosane,Haute-Garonne,Occitanie
Aulnay Sous Bois,Seine-Saint-Denis,Île-de-France
New York City,Étranger,Étranger
Vélizy Villacoublay,Yvelines,Île-de-France
Thiverval Grignon,Yvelines,Île-de-France
93,Seine-Saint-Denis,Île-de-France
Jena,Étranger,Étranger
Mainz,Étranger,Étranger
Fontenay Le Fleury,Yvelines,Île-de-France
Solna,Étranger,Étranger
Göteborg,Étranger,Étranger
Yvelines,Yvelines,Île-de-France
Copenhague,Étranger,Étranger
Verone,Étranger,Étranger
Fribourg,Étranger,Étranger
Corvalis,Paris,Île-de-France
Rostock,Étranger,Étranger
Gosselies,Étranger,Étranger
Neuilly,Hauts-de-Seine,Île-de-France
Theix,Morbihan,Bretagne
Europe,Étranger,Étranger
Craponne,Rhône,Auvergne-Rhône-Alpes
Cayenne,Étranger,Étranger
Surgères,Charente-Maritime,Nouvelle-Aquitaine
Louvain,Étranger,Étranger
Taravao,Étranger,Étranger
Luxembourg,Étranger,Étranger
Quebec,Étranger,Étranger
Graz,Étranger,Étranger
Copenhagen,Étranger,Étranger
Vitry,Val-de-Marne,Île-de-France
Gent Belgium,Étranger,Étranger
Mondonville,Haute-Garonne,Occitanie
Louvain La Neuve,Étranger,Étranger
Plouzané & Roscoff,Finistère,Bretagne
Hinxton Uk,Étranger,Étranger
Liverpool,Étranger,Étranger
Tours,Indre-et-Loire,Centre-Val de Loire
75015,Paris,Île-de-France
New Haven Ct Usa,Étranger,Étranger
Saint Pierre,Étranger,Étranger
Fontenay Aux Roses,Hauts-de-Seine,Île-de-France
Maison Alfort,Val-de-Marne,Île-de-France
Clichy,Hauts-de-Seine,Île-de-France
Honolulu,Étranger,Étranger
Clermont Ferrant & Saskatchewan,Puy-de-Dôme,Auvergne-Rhône-Alpes
Solaize,Rhône,Auvergne-Rhône-Alpes
Francfort,Étranger,Étranger
Edmonton,Étranger,Étranger
Melbourne,Étranger,Étranger
Göttingen,Étranger,Étranger
Sweden,Étranger,Étranger
Palaiseau,Essonne,Île-de-France
Yverdon Les Bains,Étranger,Étranger
Vancouver,Étranger,Étranger
Milano,Étranger,Étranger
Tokyo,Étranger,Étranger
Rixensart,Étranger,Étranger
La Bohalle,Maine-et-Loire,Pays de la Loire
Tartu,Étranger,Étranger
Caen,Calvados,Normandie
Santiago Du Chili,Étranger,Étranger
Le Petit Quevilly,Seine-Maritime,Normandie
Munich,Étranger,Étranger
Edimbourg,Étranger,Étranger
Tlemcen,Étranger,Étranger
Lisbon,Étranger,Étranger
Bagnols Sur Ceze,Gard,Occitanie
Hauts De Seine,Hauts-de-Seine,Île-de-France
Turku,Étranger,Étranger
Amiens,Somme,Hauts-de-France
Vienne,Isère,Auvergne-Rhône-Alpes
Leuven,Étranger,Étranger
75012,Paris,Île-de-France
Champenoux,Meurthe-et-Moselle,Grand-Est
Rodez,Aveyron,Occitanie
Athens,Étranger,Étranger
Bruyères Le Chatel,Essonne,Île-de-France
Amsterdam,Étranger,Étranger
Geneva,Étranger,Étranger
Babraham,Étranger,Étranger
Brétigny Sur Orge,Essonne,Île-de-France
Gosselie,Étranger,Étranger
Le Cap,Étranger,Étranger
Dublin,Étranger,Étranger
Clichy La Garenne,Hauts-de-Seine,Île-de-France
Oeiras Portugal,Étranger,Étranger
Saint Pée Sur Nivelle,Pyrénées-Atlantiques,Nouvelle-Aquitaine
91,Essonne,Île-de-France
Saint Genès Champanelle,Puy-de-Dôme,Auvergne-Rhône-Alpes
Ann Arbor,Étranger,Étranger
Créteil,Val-de-Marne,Île-de-France
Estrées Mons,Somme,Hauts-de-France
Croissy,Yvelines,Île-de-France
Dresden,Étranger,Étranger
Neuilly Sur Seine,Hauts-de-Seine,Île-de-France
Alnarp Suède,Étranger,Étranger
Lusignan,Vienne,Nouvelle-Aquitaine
Nîmes,Gard,Occitanie
Londre,Étranger,Étranger
Biot,Alpes-Maritimes,Provence-Alpes-Côte d'Azur
Reading,Étranger,Étranger
Biot Sophia Antipolis,Alpes-Maritimes,Provence-Alpes-Côte d'Azur
Perth,Étranger,Étranger
Beirut,Étranger,Étranger
Boulogne,Hauts-de-Seine,Île-de-France
Chicago,Étranger,Étranger
Saint Philbert De Bouaine,Vendée,Pays de la Loire
Tahiti,Étranger,Étranger
Cadarache,Bouches-du-Rhône,Provence-Alpes-Côte d'Azur
Clamart,Hauts-de-Seine,Île-de-France
Brussels,Étranger,Étranger
Petit Quevilly,Seine-Maritime,Normandie
Dundee,Étranger,Étranger
Valence,Drôme,Auvergne-Rhône-Alpes
Thonon,Haute-Savoie,Auvergne-Rhône-Alpes
Turin,Étranger,Étranger
Nicosie,Étranger,Étranger
St Genes Champanelle,Puy-de-Dôme,Auvergne-Rhône-Alpes
Ch Lausanne,Étranger,Étranger
Marcy L'Étoile,Rhône,Auvergne-Rhône-Alpes
Los Alamos,Étranger,Étranger
Monterotondo,Étranger,Étranger
Doha,Étranger,Étranger
Saint Quentin En Yvelines,Yvelines,Île-de-France
Cappelle En Pévèle,Nord,Hauts-de-France
Barcelone,Étranger,Étranger
Concarneau,Finistère,Bretagne
